1.338201,93.990331,41163.000000,1.384015,120.977289,54556.000000,1.387300,162.589796,58249.000000,1.665695,181.704285,788238.000000,1.322186,76.241296,30531.000000,1.354369,108.813763,42999.000000,1.634770,176.564458,569755.000000,1.665695,181.704285,788238.000000
1.327034,88.522231,70509.000000,1.354167,117.548907,81890.000000,1.360203,158.366540,85947.000000,1.583046,177.521065,478061.000000,1.285483,69.683316,41164.000000,1.320724,103.838244,57797.000000,1.571425,169.958058,431981.000000,1.583046,177.521065,478061.000000
1.322896,87.620087,64170.000000,1.349984,109.787024,77788.000000,1.372507,123.749290,87372.000000,1.430614,137.213465,95093.000000,1.307116,75.102118,51333.000000,1.347318,98.959248,65493.000000,1.412763,120.574879,110585.000000,1.430614,137.213465,95093.000000
1.294280,68.152047,51438.000000,1.317711,101.438125,59321.000000,1.361783,130.438922,81593.000000,1.412321,142.216764,81199.000000,1.252634,49.321183,33853.000000,1.327280,98.415452,65194.000000,1.404058,127.687136,107932.000000,1.412321,142.216764,81199.000000
1.445368,82.622308,105467.000000,1.484104,109.806283,141588.000000,1.515092,133.109932,169496.000000,1.529435,146.293628,133693.000000,1.423511,67.947568,83594.000000,1.491115,105.772699,147509.000000,1.535269,130.761316,189824.000000,1.529435,146.293628,133693.000000
1.312876,71.973885,34540.000000,1.380995,106.054789,59756.000000,1.420600,135.319177,83471.000000,1.353518,150.435062,39245.000000,1.348506,70.344206,53224.000000,1.433205,114.897652,111609.000000,1.452469,137.302419,109345.000000,1.353518,150.435062,39245.000000
1.234443,64.753908,24629.000000,1.329770,108.016909,49974.000000,1.375343,140.255980,66306.000000,1.398412,152.505006,55033.000000,1.299757,60.887195,44395.000000,1.363108,111.009777,65563.000000,1.401751,138.571369,79306.000000,1.398412,152.505006,55033.000000
1.362590,62.339931,62348.000000,1.402930,98.463017,81971.000000,1.445294,126.407931,107055.000000,1.473266,138.591621,92593.000000,1.363469,52.732277,63633.000000,1.422721,97.765364,95693.000000,1.480292,124.560929,132343.000000,1.473266,138.591621,92593.000000
1.190925,82.169943,21313.000000,1.257147,112.389542,36240.000000,1.234225,130.487289,29385.000000,1.152534,147.723752,13325.000000,1.282910,93.063801,49404.000000,1.309122,118.346493,61854.000000,1.285136,135.320841,43012.000000,1.152534,147.723752,13325.000000
1.312738,77.055787,40565.000000,1.332007,112.561636,44609.000000,1.314498,143.158106,42326.000000,1.147567,157.132760,10470.000000,1.297991,69.121562,35817.000000,1.403144,124.698704,87429.000000,1.340496,145.626147,52724.000000,1.147567,157.132760,10470.000000
1.295072,58.643256,35482.000000,1.313896,100.673887,47640.000000,1.336967,131.908432,69216.000000,1.407925,144.095625,62306.000000,1.281283,50.910694,39762.000000,1.317186,102.890378,62880.000000,1.380166,130.745226,93365.000000,1.407925,144.095625,62306.000000
1.223466,55.413851,31637.000000,1.339990,92.481307,72860.000000,1.386659,125.657420,98342.000000,1.400806,139.093164,88994.000000,1.301931,50.861483,59083.000000,1.368264,94.070823,95717.000000,1.412015,122.762939,114114.000000,1.400806,139.093164,88994.000000
1.047085,37.672498,8232.000000,0.988071,87.684050,6558.000000,1.242622,147.518321,40255.000000,1.557276,177.439286,403871.000000,1.036912,40.336479,10913.000000,1.229764,102.639757,39329.000000,1.547458,171.200856,370549.000000,1.557276,177.439286,403871.000000
1.303585,73.013276,40073.000000,1.370501,107.877592,65339.000000,1.394048,136.739011,89751.000000,1.457598,148.633627,82315.000000,1.315874,58.786804,43209.000000,1.368926,106.725387,81999.000000,1.427051,134.579509,111981.000000,1.457598,148.633627,82315.000000
1.365650,86.556137,64993.000000,1.393070,114.953635,77601.000000,1.440674,139.885705,104195.000000,1.463194,152.564323,87092.000000,1.328222,70.049674,43202.000000,1.421172,113.774507,94198.000000,1.479247,138.391736,130657.000000,1.463194,152.564323,87092.000000
1.217845,66.528908,22866.000000,1.400235,101.563044,81855.000000,1.431196,130.873464,115801.000000,1.457294,144.756282,82858.000000,1.353568,65.091345,64054.000000,1.428300,107.047234,134097.000000,1.475949,131.854738,156930.000000,1.457294,144.756282,82858.000000
1.328568,48.568612,47936.000000,1.414496,71.194098,90614.000000,1.434898,114.686933,100464.000000,1.481955,139.862919,132943.000000,1.333066,31.495202,43768.000000,1.402112,61.097481,81739.000000,1.466536,114.603695,127581.000000,1.481955,139.862919,132943.000000
1.027138,54.277084,5529.000000,1.245151,95.343763,25599.000000,1.340801,135.974421,50393.000000,1.196105,151.058184,13887.000000,1.211290,63.859142,22505.000000,1.361987,116.123593,70813.000000,1.375738,138.812932,65944.000000,1.196105,151.058184,13887.000000
1.166932,57.281825,14619.000000,1.339117,92.211637,47454.000000,1.364850,131.632933,57856.000000,1.208996,148.132003,15583.000000,1.299351,58.785199,38929.000000,1.418067,108.373230,101010.000000,1.394557,134.575862,74589.000000,1.208996,148.132003,15583.000000
1.256910,58.036037,29636.000000,1.354991,99.542159,58208.000000,1.398481,130.350305,75223.000000,1.396546,144.146918,54602.000000,1.328689,57.744880,55123.000000,1.392576,104.227010,83450.000000,1.431797,130.964864,97848.000000,1.396546,144.146918,54602.000000
1.346698,79.783846,39495.000000,1.376456,110.166581,48457.000000,1.324615,157.098891,52138.000000,1.431955,184.203576,101348.000000,1.289883,56.663102,20947.000000,1.277618,94.846290,34962.000000,1.353038,161.482885,77505.000000,1.431955,184.203576,101348.000000
1.309250,75.626709,28163.000000,1.360856,106.485506,39845.000000,1.327564,153.349929,50153.000000,1.449600,175.663119,144238.000000,1.274440,54.982298,18190.000000,1.285850,95.411238,36767.000000,1.416885,161.713028,125162.000000,1.449600,175.663119,144238.000000
1.317047,76.656694,25135.000000,1.358257,108.491223,33439.000000,1.315124,155.451968,39109.000000,1.430929,179.141971,114291.000000,1.272718,53.825861,14787.000000,1.269652,93.802344,26531.000000,1.413667,164.668532,101165.000000,1.430929,179.141971,114291.000000
1.302363,84.327391,63108.000000,1.353958,112.769210,85723.000000,1.371419,156.155176,96046.000000,1.632262,176.395780,667015.000000,1.301885,69.297304,55603.000000,1.350467,104.262173,83998.000000,1.601920,168.528779,484862.000000,1.632262,176.395780,667015.000000
1.454853,70.501794,81402.000000,1.442854,102.396276,95320.000000,1.447668,153.511003,96561.000000,1.491400,184.282936,178857.000000,1.365419,48.249614,45382.000000,1.408262,87.989438,68640.000000,1.484036,161.308691,169004.000000,1.491400,184.282936,178857.000000
1.371159,74.462498,59944.000000,1.399337,106.605243,72941.000000,1.405166,155.316606,78473.000000,1.485476,181.878284,181077.000000,1.310587,47.600895,30854.000000,1.358011,89.051964,51574.000000,1.476031,163.354163,167547.000000,1.485476,181.878284,181077.000000
1.318853,68.886339,43665.000000,1.344961,102.525673,51709.000000,1.352797,151.184313,55319.000000,1.414305,175.112714,117315.000000,1.263686,44.308938,23461.000000,1.307869,85.477372,36812.000000,1.369046,154.885025,90776.000000,1.414305,175.112714,117315.000000
1.397373,71.638043,76092.000000,1.400251,104.212067,90179.000000,1.400211,150.633286,98949.000000,1.476844,174.647167,197544.000000,1.324611,50.866276,43717.000000,1.355862,90.174292,66383.000000,1.453349,154.376648,159276.000000,1.476844,174.647167,197544.000000
1.418126,73.461435,60132.000000,1.452731,105.082834,76865.000000,1.431393,152.739355,82338.000000,1.471966,180.705613,154049.000000,1.365260,48.726957,33427.000000,1.382634,88.839536,54093.000000,1.437942,158.902664,137400.000000,1.471966,180.705613,154049.000000
1.235526,81.720355,23891.000000,1.307282,110.036733,39882.000000,1.328595,153.030105,52085.000000,1.385893,178.666225,94291.000000,1.242876,69.571470,24136.000000,1.307343,106.896767,48628.000000,1.379111,160.897595,97769.000000,1.385893,178.666225,94291.000000
1.349879,110.279883,35990.000000,1.307351,147.941113,44152.000000,1.425009,170.673421,113945.000000,1.451383,178.935558,107600.000000,1.261154,99.042435,31248.000000,1.396379,156.150093,101710.000000,1.453916,169.933982,145961.000000,1.451383,178.935558,107600.000000
1.353011,81.958730,55003.000000,1.396947,109.058665,74014.000000,1.413368,151.507966,79464.000000,1.514177,175.211956,169181.000000,1.309974,60.066120,33152.000000,1.370076,96.451112,56680.000000,1.518551,160.141761,182949.000000,1.514177,175.211956,169181.000000
1.319073,78.204464,33737.000000,1.357606,108.226093,43973.000000,1.377779,153.378548,48377.000000,1.466544,180.591936,90699.000000,1.275167,56.900509,20223.000000,1.337971,96.322691,35613.000000,1.498507,165.175193,121900.000000,1.466544,180.591936,90699.000000
1.446636,68.634141,73799.000000,1.465372,100.578203,84434.000000,1.438013,149.032640,86612.000000,1.508712,178.200460,163140.000000,1.386799,45.247198,38815.000000,1.392190,84.044513,57197.000000,1.483843,154.686935,136026.000000,1.508712,178.200460,163140.000000
1.338059,93.261314,76785.000000,1.381104,119.574145,99555.000000,1.391657,162.275817,102528.000000,1.611073,180.839312,565810.000000,1.324832,76.264478,60213.000000,1.370451,108.401794,86863.000000,1.587879,172.343152,449329.000000,1.611073,180.839312,565810.000000
1.224462,85.249626,28078.000000,1.273290,115.095697,44808.000000,1.321229,154.452773,62316.000000,1.381663,179.954577,98453.000000,1.210223,72.803195,26920.000000,1.299949,111.729581,56124.000000,1.390020,161.423144,107630.000000,1.381663,179.954577,98453.000000
1.399385,66.133132,58228.000000,1.425951,96.596855,68881.000000,1.400522,144.240145,71615.000000,1.429820,174.460117,126396.000000,1.356915,48.408816,37024.000000,1.368274,86.637602,56438.000000,1.460570,156.664211,166721.000000,1.429820,174.460117,126396.000000
1.323473,72.544723,26608.000000,1.361253,104.881321,34707.000000,1.379136,152.687294,37863.000000,1.382248,178.113369,94885.000000,1.281022,51.733362,16198.000000,1.335896,91.480263,26498.000000,1.366451,161.787288,83827.000000,1.382248,178.113369,94885.000000
1.282996,102.800029,27439.000000,1.274655,145.897995,30420.000000,1.327474,172.780779,68050.000000,1.399771,180.759892,92600.000000,1.219630,85.780685,18690.000000,1.317997,153.641011,62573.000000,1.386096,171.558220,100412.000000,1.399771,180.759892,92600.000000
1.362149,67.514191,42916.000000,1.347859,101.002105,49411.000000,1.358883,153.159689,51763.000000,1.450622,183.699049,117398.000000,1.264792,41.759472,21511.000000,1.315375,83.819042,34964.000000,1.444381,164.081588,108656.000000,1.450622,183.699049,117398.000000
1.295276,70.853836,27565.000000,1.311711,98.710001,41114.000000,1.325430,142.184730,51643.000000,1.414766,169.790564,124883.000000,1.232283,55.501002,20968.000000,1.300316,95.131883,46276.000000,1.459638,158.417226,174970.000000,1.414766,169.790564,124883.000000
1.268036,73.138745,30221.000000,1.257388,103.873809,34836.000000,1.276429,145.158270,39224.000000,1.402021,170.812783,110759.000000,1.173417,50.422706,15344.000000,1.233866,91.390593,26959.000000,1.428537,159.239789,133780.000000,1.402021,170.812783,110759.000000
1.357724,78.373377,40198.000000,1.338528,109.526564,48148.000000,1.333160,153.682167,54925.000000,1.509685,178.798506,220121.000000,1.247250,54.604391,20768.000000,1.283918,95.635224,36373.000000,1.482844,167.800786,197707.000000,1.509685,178.798506,220121.000000
1.374689,59.872111,36297.000000,1.347500,90.592946,39523.000000,1.330529,136.023636,42013.000000,1.439856,164.120808,154981.000000,1.274483,42.119929,19820.000000,1.294239,81.342381,31684.000000,1.440669,153.722852,172745.000000,1.439856,164.120808,154981.000000
1.447093,66.774098,73107.000000,1.429642,97.388267,87226.000000,1.445499,142.763368,94349.000000,1.504050,171.371904,207817.000000,1.364774,50.437202,48895.000000,1.412501,87.947483,73729.000000,1.532844,156.813805,267709.000000,1.504050,171.371904,207817.000000
1.303125,88.384559,55643.000000,1.346906,116.327703,80933.000000,1.363375,159.573740,91144.000000,1.648932,177.316386,767917.000000,1.301550,77.037408,56565.000000,1.349046,109.442076,85017.000000,1.620082,170.581324,569199.000000,1.648932,177.316386,767917.000000
1.263553,70.504511,23278.000000,1.304418,100.539365,31170.000000,1.329885,146.008181,36305.000000,1.390302,168.567197,101776.000000,1.211909,48.500464,12922.000000,1.284807,87.472481,25364.000000,1.370105,154.781166,91110.000000,1.390302,168.567197,101776.000000
1.348961,71.264729,56061.000000,1.405481,98.382925,81102.000000,1.411879,142.815933,98377.000000,1.495368,170.555567,216044.000000,1.336963,57.971561,45396.000000,1.392401,96.033247,93994.000000,1.508102,156.716686,270809.000000,1.495368,170.555567,216044.000000
1.404512,71.922030,58651.000000,1.377301,102.929125,66370.000000,1.365181,148.078249,68972.000000,1.471398,175.832714,176291.000000,1.316243,55.649797,38332.000000,1.332502,92.260155,52119.000000,1.472998,161.054909,182173.000000,1.471398,175.832714,176291.000000
1.242094,81.104629,27459.000000,1.269255,110.871951,33370.000000,1.295560,146.646611,41784.000000,1.418002,166.027890,117247.000000,1.176086,57.270923,13705.000000,1.249057,98.488339,28343.000000,1.396904,153.980499,105534.000000,1.418002,166.027890,117247.000000
1.329969,77.149547,44307.000000,1.370337,106.743577,57998.000000,1.374260,151.543205,68291.000000,1.470515,175.683999,172126.000000,1.281297,56.433740,25483.000000,1.329754,95.195513,48810.000000,1.446441,159.950434,148630.000000,1.470515,175.683999,172126.000000
1.271828,66.624727,23319.000000,1.300137,97.358381,28213.000000,1.267825,143.448500,30466.000000,1.428870,166.870472,124830.000000,1.213006,43.160390,12108.000000,1.222982,82.652823,20756.000000,1.410474,156.745062,117354.000000,1.428870,166.870472,124830.000000
1.276904,77.494038,33295.000000,1.330435,104.231294,50239.000000,1.368490,145.309927,66235.000000,1.458000,167.633999,159475.000000,1.247822,62.145745,24440.000000,1.335033,99.736245,55563.000000,1.428805,154.063643,154093.000000,1.458000,167.633999,159475.000000
1.294671,64.411718,21488.000000,1.331944,94.929484,27696.000000,1.358297,141.175752,32159.000000,1.451967,166.743837,156455.000000,1.244313,43.963194,12199.000000,1.317949,84.697796,24136.000000,1.451474,158.550687,162773.000000,1.451967,166.743837,156455.000000
1.399050,61.780218,53544.000000,1.381567,93.688771,60425.000000,1.360521,142.079680,62525.000000,1.443113,172.329911,149592.000000,1.305379,41.132324,29118.000000,1.321229,80.680351,44843.000000,1.461906,157.447397,183629.000000,1.443113,172.329911,149592.000000
1.422359,59.230363,63439.000000,1.443247,91.312946,71728.000000,1.420736,140.418267,78402.000000,1.441773,172.319326,138545.000000,1.362492,36.765152,32472.000000,1.379706,78.369310,55888.000000,1.475861,153.916571,190688.000000,1.441773,172.319326,138545.000000
1.216838,97.242430,31209.000000,1.371764,127.846450,85796.000000,1.426620,164.874765,119575.000000,1.675962,181.975667,889170.000000,1.305328,84.923078,48972.000000,1.400635,121.434077,101899.000000,1.652232,175.555816,684961.000000,1.675962,181.975667,889170.000000
1.248565,62.856469,23730.000000,1.279877,94.780483,29205.000000,1.267470,141.360884,32933.000000,1.414249,167.007548,125333.000000,1.193474,41.607956,12871.000000,1.223139,82.702167,23164.000000,1.382899,155.599522,111619.000000,1.414249,167.007548,125333.000000
1.297677,75.027466,28435.000000,1.325103,103.609358,33939.000000,1.339234,146.552637,35897.000000,1.433365,169.012694,142906.000000,1.236485,52.634298,14654.000000,1.292265,90.143822,24141.000000,1.415337,158.903281,127989.000000,1.433365,169.012694,142906.000000
1.310332,72.279927,29772.000000,1.345274,100.110541,37832.000000,1.323145,142.402571,40527.000000,1.448845,165.886120,152652.000000,1.259609,51.944992,16743.000000,1.281311,88.710700,28925.000000,1.430997,155.251826,139819.000000,1.448845,165.886120,152652.000000
1.306254,68.698361,34170.000000,1.328742,101.633777,42952.000000,1.343536,148.733575,47139.000000,1.422604,178.969007,121091.000000,1.261392,52.007568,23918.000000,1.313383,93.625126,37834.000000,1.453972,166.718863,160719.000000,1.422604,178.969007,121091.000000
1.388993,74.564110,65271.000000,1.435643,103.535750,90266.000000,1.458315,148.833546,101878.000000,1.497341,173.154634,210504.000000,1.353507,54.567322,42646.000000,1.421270,92.605322,78051.000000,1.485812,155.847219,197322.000000,1.497341,173.154634,210504.000000
1.401341,63.739302,74082.000000,1.405596,95.201581,88188.000000,1.403787,141.673815,101323.000000,1.488026,169.057418,217145.000000,1.327546,42.876503,41572.000000,1.365083,84.055224,74460.000000,1.471757,150.687044,200466.000000,1.488026,169.057418,217145.000000
1.423561,77.671736,65295.000000,1.481742,104.947996,96992.000000,1.470140,145.896372,117555.000000,1.532017,167.907546,277360.000000,1.395020,57.506166,44276.000000,1.431633,95.575818,90975.000000,1.511475,153.685454,260248.000000,1.532017,167.907546,277360.000000
1.389334,63.036675,77110.000000,1.417100,93.093635,92092.000000,1.407179,139.897494,97302.000000,1.526027,170.130717,244575.000000,1.351240,46.425500,50832.000000,1.380078,85.047823,81530.000000,1.543761,156.144693,300478.000000,1.526027,170.130717,244575.000000
1.376959,76.688479,49926.000000,1.428020,104.525219,70502.000000,1.453143,146.981672,79989.000000,1.474728,172.405274,168476.000000,1.338489,54.306578,30860.000000,1.411580,93.247458,59198.000000,1.491995,158.225104,203519.000000,1.474728,172.405274,168476.000000
1.366834,81.653562,67357.000000,1.380234,109.028710,95227.000000,1.404100,147.018804,114764.000000,1.489247,170.937555,214637.000000,1.295864,60.457995,42269.000000,1.367275,98.830814,87383.000000,1.505017,156.023460,260617.000000,1.489247,170.937555,214637.000000
1.329466,94.549068,49187.000000,1.353476,121.340084,55648.000000,1.343552,160.732220,58914.000000,1.613023,177.762248,580314.000000,1.272507,73.251217,24246.000000,1.298738,106.500361,37429.000000,1.588858,172.397003,453588.000000,1.613023,177.762248,580314.000000
1.396143,70.469219,51590.000000,1.432028,99.533487,65548.000000,1.447709,142.900175,72427.000000,1.486109,165.217655,199311.000000,1.355405,52.791822,31891.000000,1.411150,89.873562,55189.000000,1.443731,151.058891,161129.000000,1.486109,165.217655,199311.000000
1.414468,73.953032,64682.000000,1.447350,101.738975,80705.000000,1.420635,147.558939,82059.000000,1.451747,173.043754,150888.000000,1.374416,54.269569,41800.000000,1.388480,90.154005,64751.000000,1.465171,155.804908,173211.000000,1.451747,173.043754,150888.000000
1.326292,69.895414,56843.000000,1.373258,98.483533,77459.000000,1.398698,142.720371,88782.000000,1.478193,167.652556,174529.000000,1.300432,53.704970,40823.000000,1.369044,91.539915,75197.000000,1.460666,150.617958,175308.000000,1.478193,167.652556,174529.000000
1.336378,72.064029,36374.000000,1.345357,99.613924,49827.000000,1.323446,144.638204,55921.000000,1.385098,168.806219,98374.000000,1.272928,55.809740,26469.000000,1.297067,93.442134,48422.000000,1.355711,149.934020,91255.000000,1.385098,168.806219,98374.000000
1.366513,68.859377,66497.000000,1.389366,99.963962,77501.000000,1.394569,144.868217,81027.000000,1.467839,171.979030,180066.000000,1.303812,44.924549,33346.000000,1.348880,84.799177,53968.000000,1.473614,156.464495,203253.000000,1.467839,171.979030,180066.000000
1.302280,67.248571,37442.000000,1.341347,97.164507,48843.000000,1.361464,142.359224,54203.000000,1.469268,168.247103,174170.000000,1.265741,49.429446,24180.000000,1.328963,87.974104,43443.000000,1.470781,156.405975,180511.000000,1.469268,168.247103,174170.000000
1.355150,72.515263,51269.000000,1.387632,100.960869,63274.000000,1.380083,144.707539,68792.000000,1.483120,167.344150,181540.000000,1.315446,56.118730,33252.000000,1.346911,92.129549,54103.000000,1.448173,153.129594,156905.000000,1.483120,167.344150,181540.000000
1.318489,78.431319,40761.000000,1.318465,107.341781,54807.000000,1.331154,148.061032,62410.000000,1.412541,167.791669,115667.000000,1.225765,53.063333,22358.000000,1.281948,91.927851,41553.000000,1.376852,149.647629,94795.000000,1.412541,167.791669,115667.000000
1.313795,73.267797,25426.000000,1.355310,100.638924,33799.000000,1.377236,143.092825,38007.000000,1.498663,167.424464,205049.000000,1.273191,54.542073,15675.000000,1.343993,92.742138,30462.000000,1.493143,159.921039,215043.000000,1.498663,167.424464,205049.000000
1.240483,85.820644,24482.000000,1.319637,111.823535,44802.000000,1.359638,149.812667,56920.000000,1.450162,172.791940,149673.000000,1.250679,73.147448,23683.000000,1.333048,109.043488,51623.000000,1.471273,162.635539,190045.000000,1.450162,172.791940,149673.000000
1.301943,80.995716,67933.000000,1.345269,108.899493,88143.000000,1.363152,154.927855,97138.000000,1.598407,177.756194,531714.000000,1.297580,66.325913,59068.000000,1.350457,101.970863,91670.000000,1.573464,168.066465,403205.000000,1.598407,177.756194,531714.000000
1.370559,66.526276,78837.000000,1.380143,97.142340,96972.000000,1.399432,141.657833,107883.000000,1.517335,169.512135,250350.000000,1.309331,48.613749,50708.000000,1.367595,88.850983,86997.000000,1.510656,153.868442,264544.000000,1.517335,169.512135,250350.000000
1.320634,76.159050,44527.000000,1.343426,103.755940,61407.000000,1.360712,144.539729,70793.000000,1.480847,168.512358,203910.000000,1.262013,57.677814,28946.000000,1.324665,95.124147,54967.000000,1.484451,157.181224,225660.000000,1.480847,168.512358,203910.000000
1.254802,76.363994,28940.000000,1.341263,104.361528,51653.000000,1.345677,146.202041,74287.000000,1.483110,168.387301,189762.000000,1.267333,63.372322,27675.000000,1.330471,103.149774,70446.000000,1.485644,157.278039,223893.000000,1.483110,168.387301,189762.000000
1.376247,65.910223,47863.000000,1.397989,98.409394,54952.000000,1.408139,146.406035,57692.000000,1.497217,174.257274,200809.000000,1.321444,44.705219,26172.000000,1.366679,84.995797,40209.000000,1.477849,161.166825,181190.000000,1.497217,174.257274,200809.000000
1.324239,101.177947,37084.000000,1.327416,126.899071,47459.000000,1.323052,164.212190,54946.000000,1.676464,175.206066,760446.000000,1.284312,92.334794,33089.000000,1.315956,126.555515,54490.000000,1.659295,171.573606,641344.000000,1.676464,175.206066,760446.000000
1.306374,95.755378,37838.000000,1.343169,121.564303,50705.000000,1.319857,160.104650,59532.000000,1.645990,172.264465,612946.000000,1.303975,87.139045,34363.000000,1.311341,122.131710,58682.000000,1.616441,168.174877,472544.000000,1.645990,172.264465,612946.000000
1.289978,92.187524,33889.000000,1.333713,116.003455,54707.000000,1.354869,156.657257,63056.000000,1.643551,177.430818,561165.000000,1.277617,83.368202,34185.000000,1.341769,113.632209,59958.000000,1.687868,172.916421,827015.000000,1.643551,177.430818,561165.000000
1.314441,98.740142,47803.000000,1.368782,128.808732,67931.000000,1.360821,164.192751,74464.000000,1.706610,174.505108,940250.000000,1.324797,89.698200,47621.000000,1.336725,122.452304,59617.000000,1.691986,170.606258,816242.000000,1.706610,174.505108,940250.000000
1.358618,84.725021,60630.000000,1.420437,110.335337,89647.000000,1.413981,155.217621,96590.000000,1.720187,176.560230,1053328.000000,1.364134,72.714960,54631.000000,1.396076,105.101680,85838.000000,1.705282,171.459779,912017.000000,1.720187,176.560230,1053328.000000
1.229673,89.950411,22646.000000,1.264116,114.468107,33612.000000,1.278232,154.112836,38188.000000,1.659241,174.983573,661833.000000,1.208166,79.162739,19860.000000,1.256631,109.789074,33040.000000,1.685084,171.524998,826021.000000,1.659241,174.983573,661833.000000
0.950401,58.572060,5655.000000,1.238726,98.399843,38215.000000,1.345021,156.713213,79376.000000,1.635516,178.906109,724986.000000,1.173760,61.078341,22236.000000,1.324445,101.198240,75686.000000,1.605178,172.230918,524887.000000,1.635516,178.906109,724986.000000
1.314277,93.049026,54155.000000,1.354500,123.658979,68814.000000,1.360927,163.205877,77731.000000,1.715015,174.264450,1011422.000000,1.309677,82.596354,46355.000000,1.346097,120.605523,70463.000000,1.701945,170.614421,893413.000000,1.715015,174.264450,1011422.000000
1.261130,93.844526,30809.000000,1.319305,122.711740,44002.000000,1.296939,161.048746,48332.000000,1.667519,172.086765,723023.000000,1.286250,86.760627,34018.000000,1.291945,121.859247,48198.000000,1.643431,168.704835,578128.000000,1.667519,172.086765,723023.000000
1.264648,90.406373,40106.000000,1.314277,123.642472,54407.000000,1.311066,163.172099,60872.000000,1.701673,172.321493,955559.000000,1.273513,80.047687,38795.000000,1.293241,118.991395,52176.000000,1.692537,168.730436,868565.000000,1.701673,172.321493,955559.000000
1.308025,96.693059,39620.000000,1.381772,120.353028,62876.000000,1.408566,158.760109,72137.000000,1.694136,177.348866,860916.000000,1.330849,88.784839,41434.000000,1.389995,116.964446,64718.000000,1.701786,173.121136,912818.000000,1.694136,177.348866,860916.000000
1.352269,101.013410,60329.000000,1.397406,128.889924,79100.000000,1.374081,163.993237,85762.000000,1.712534,174.526026,996335.000000,1.348263,91.542215,51996.000000,1.347488,122.605539,67193.000000,1.704666,170.593623,911080.000000,1.712534,174.526026,996335.000000
1.266377,103.804127,39158.000000,1.328441,127.216237,56859.000000,1.331412,160.639816,65883.000000,1.701617,173.167780,898914.000000,1.297180,98.603894,45503.000000,1.321610,125.266801,63107.000000,1.672801,169.474274,687453.000000,1.701617,173.167780,898914.000000
0.720564,103.280116,689.000000,1.428822,124.259576,127119.000000,1.309841,157.743475,52911.000000,1.577776,171.325310,398186.000000,1.423927,114.068598,126840.000000,1.437634,125.140628,138401.000000,1.558822,166.655477,347422.000000,1.577776,171.325310,398186.000000
1.315328,100.831384,67034.000000,1.374973,125.858028,96688.000000,1.377662,159.264979,104597.000000,1.756538,172.276357,1409795.000000,1.330579,91.893930,67936.000000,1.353263,119.860584,84574.000000,1.757701,168.517025,1412706.000000,1.756538,172.276357,1409795.000000
1.297456,93.357386,56916.000000,1.347069,122.565021,77029.000000,1.353754,162.500571,86627.000000,1.677289,171.862342,806594.000000,1.304848,83.811413,54447.000000,1.338243,119.021404,78163.000000,1.649719,167.117844,627483.000000,1.677289,171.862342,806594.000000
1.203914,102.083885,28575.000000,1.295526,121.834403,56070.000000,1.361355,156.918793,87148.000000,1.705288,171.738493,959536.000000,1.267367,100.869201,47722.000000,1.377862,128.966596,110704.000000,1.712968,168.336255,1034586.000000,1.705288,171.738493,959536.000000
1.290897,80.109068,50244.000000,1.353427,108.558403,74482.000000,1.370612,154.206197,91403.000000,1.587931,177.388621,481727.000000,1.300576,65.363167,47496.000000,1.352580,101.653426,83630.000000,1.579093,169.031538,456119.000000,1.587931,177.388621,481727.000000
1.310274,89.669163,60359.000000,1.352798,119.275381,78386.000000,1.365875,156.248829,88173.000000,1.671731,173.434775,758235.000000,1.321099,83.197024,61759.000000,1.358625,117.835857,86260.000000,1.657768,168.475406,676790.000000,1.671731,173.434775,758235.000000
1.334515,85.604274,69682.000000,1.372769,116.496664,90534.000000,1.381997,158.485698,104915.000000,1.627433,172.222277,534346.000000,1.333826,76.352263,64838.000000,1.377987,116.620738,105932.000000,1.600394,165.522733,435442.000000,1.627433,172.222277,534346.000000
1.300856,98.369460,41991.000000,1.376868,121.963213,68177.000000,1.396488,159.171226,74130.000000,1.676092,176.558319,728377.000000,1.320728,88.564445,43308.000000,1.370123,116.091640,61032.000000,1.704925,172.059314,925309.000000,1.676092,176.558319,728377.000000
1.254457,101.434107,38145.000000,1.329172,124.442646,62506.000000,1.335035,158.727836,71185.000000,1.653270,173.611557,653846.000000,1.279300,91.113093,40356.000000,1.318283,119.563554,63057.000000,1.643739,168.882024,601445.000000,1.653270,173.611557,653846.000000
1.256088,100.703938,28011.000000,1.279300,125.713497,36216.000000,1.271602,164.509598,42718.000000,1.665660,172.250928,685073.000000,1.231598,91.780275,23848.000000,1.262628,125.334555,40110.000000,1.643996,168.836178,564331.000000,1.665660,172.250928,685073.000000
1.337536,93.964024,40388.000000,1.348768,120.676187,50276.000000,1.326254,162.834945,58441.000000,1.660773,174.460355,655331.000000,1.308836,86.115675,35833.000000,1.319791,121.571494,58550.000000,1.644773,170.442319,587730.000000,1.660773,174.460355,655331.000000
1.348440,95.029638,71058.000000,1.364431,126.845256,84475.000000,1.365205,164.366978,89880.000000,1.696399,175.072798,884943.000000,1.334630,85.352673,68270.000000,1.340113,118.181956,69220.000000,1.683810,170.122206,782901.000000,1.696399,175.072798,884943.000000
1.263844,95.175234,46241.000000,1.318843,124.836603,66415.000000,1.325355,163.037537,72674.000000,1.677876,172.576310,789542.000000,1.291908,87.950723,52661.000000,1.313742,120.946485,66897.000000,1.649247,168.421794,626799.000000,1.677876,172.576310,789542.000000
1.342193,95.056020,81078.000000,1.405101,119.737900,119115.000000,1.419595,158.718558,132951.000000,1.702334,176.312106,911077.000000,1.348263,82.537198,71374.000000,1.391546,111.096044,104348.000000,1.727350,170.352402,1117029.000000,1.702334,176.312106,911077.000000
1.247724,117.545997,35546.000000,1.359573,132.285662,85314.000000,1.350945,158.031105,75711.000000,1.681700,171.019443,811711.000000,1.337549,115.530983,74332.000000,1.376224,131.356267,94432.000000,1.661043,167.201373,679773.000000,1.681700,171.019443,811711.000000
1.196971,103.016953,28550.000000,1.335639,130.365938,72138.000000,1.347860,165.681118,83084.000000,1.624049,181.159807,600168.000000,1.290386,95.938032,53092.000000,1.333635,125.364639,77271.000000,1.604591,174.949242,498065.000000,1.624049,181.159807,600168.000000
1.297396,95.554551,57744.000000,1.382657,123.268866,100935.000000,1.401107,164.634544,115286.000000,1.658840,181.643382,767639.000000,1.316072,78.866234,55687.000000,1.373737,112.143427,89941.000000,1.622896,173.738060,521509.000000,1.658840,181.643382,767639.000000
1.308124,78.296722,65526.000000,1.389483,114.164877,108669.000000,1.406161,157.976465,119525.000000,1.692204,172.637291,884168.000000,1.373028,77.541750,105246.000000,1.414274,117.118749,138527.000000,1.668613,167.330742,727751.000000,1.692204,172.637291,884168.000000
1.202393,101.179736,26411.000000,1.279929,126.203169,47768.000000,1.315766,162.723370,60290.000000,1.700380,174.053646,907088.000000,1.235873,95.859148,35619.000000,1.309569,127.868613,61863.000000,1.692204,170.779948,845513.000000,1.700380,174.053646,907088.000000
1.324992,91.896312,50266.000000,1.357675,115.831179,74801.000000,1.368496,159.400669,88210.000000,1.654650,169.987323,673561.000000,1.305772,84.047605,48818.000000,1.369510,118.263660,94986.000000,1.625824,164.893301,522282.000000,1.654650,169.987323,673561.000000
1.301825,89.195853,60382.000000,1.372138,115.202435,94781.000000,1.396258,156.327402,115259.000000,1.730777,175.638040,1107328.000000,1.308738,77.337718,54122.000000,1.373462,110.197707,98737.000000,1.747789,170.725699,1274933.000000,1.730777,175.638040,1107328.000000
1.261332,96.073320,45281.000000,1.352562,120.331383,80837.000000,1.403663,158.758212,111664.000000,1.734367,175.525586,1156807.000000,1.291400,86.125732,48858.000000,1.381721,117.159024,99306.000000,1.738712,170.922969,1187140.000000,1.734367,175.525586,1156807.000000
1.248515,92.353977,33779.000000,1.311444,119.444191,57858.000000,1.334382,156.501038,70336.000000,1.747434,172.994854,1275833.000000,1.262799,85.671284,39919.000000,1.318049,117.530165,64827.000000,1.741493,169.636434,1215287.000000,1.747434,172.994854,1275833.000000
1.318923,96.632397,43751.000000,1.332701,126.802103,57348.000000,1.327376,164.235732,63377.000000,1.727103,175.969206,1098783.000000,1.292957,88.152193,41178.000000,1.313248,123.920991,57449.000000,1.717453,172.784615,995615.000000,1.727103,175.969206,1098783.000000
1.310932,82.675894,61520.000000,1.361774,113.229572,85886.000000,1.383888,154.802841,106168.000000,1.712891,172.059842,1038727.000000,1.330445,78.239995,69318.000000,1.393410,118.921204,128991.000000,1.707531,167.771742,996346.000000,1.712891,172.059842,1038727.000000
1.303162,87.139122,42840.000000,1.324320,118.486946,63430.000000,1.342174,160.658047,75642.000000,1.671512,170.643611,755605.000000,1.276451,77.798936,42852.000000,1.328378,117.870382,71564.000000,1.653463,166.387192,648381.000000,1.671512,170.643611,755605.000000
1.266609,97.127269,45400.000000,1.330210,119.804530,70809.000000,1.354307,159.508125,86280.000000,1.651229,168.942873,669278.000000,1.277213,86.539463,45258.000000,1.346624,119.618795,86064.000000,1.633230,164.038962,577747.000000,1.651229,168.942873,669278.000000
1.322320,91.534799,76625.000000,1.373823,119.206363,104675.000000,1.393588,163.137222,116454.000000,1.661873,183.439413,802393.000000,1.314081,74.377257,60696.000000,1.370995,109.730165,99005.000000,1.647418,175.802536,684351.000000,1.661873,183.439413,802393.000000
1.266390,105.148490,35073.000000,1.329593,128.560866,52123.000000,1.322794,163.307818,58892.000000,1.702338,175.079920,907681.000000,1.285590,97.371158,36731.000000,1.312285,126.225002,56084.000000,1.683349,171.669853,763059.000000,1.702338,175.079920,907681.000000
1.364451,91.040616,83244.000000,1.413994,122.059552,113699.000000,1.411770,160.842009,122431.000000,1.733641,175.893047,1148950.000000,1.374670,82.358963,83276.000000,1.392369,116.340456,103244.000000,1.729813,170.807032,1098853.000000,1.733641,175.893047,1148950.000000
1.288850,101.493705,44160.000000,1.388803,120.840326,88925.000000,1.398404,159.495474,107606.000000,1.736869,172.171640,1205918.000000,1.342661,97.311490,63787.000000,1.409766,125.052042,130855.000000,1.719065,168.310100,1024300.000000,1.736869,172.171640,1205918.000000
1.408669,93.147396,83903.000000,1.462765,122.378754,116796.000000,1.439381,158.990079,130932.000000,1.710676,174.721776,1005591.000000,1.421082,84.498187,83565.000000,1.422898,118.719327,116381.000000,1.697403,169.427645,892043.000000,1.710676,174.721776,1005591.000000
1.340008,103.721707,76822.000000,1.387053,129.129569,102285.000000,1.386491,163.107470,104978.000000,1.729501,173.544684,1149181.000000,1.358836,95.566932,80978.000000,1.369509,123.057551,90390.000000,1.734025,169.467732,1182149.000000,1.729501,173.544684,1149181.000000
1.300942,87.170407,40374.000000,1.337916,112.674942,61506.000000,1.347220,152.855965,70358.000000,1.706374,175.161086,932396.000000,1.290805,78.863040,42129.000000,1.330937,109.718827,64021.000000,1.717038,170.971428,1018982.000000,1.706374,175.161086,932396.000000
1.331703,102.162516,71667.000000,1.377842,123.934917,99028.000000,1.406308,159.745261,117002.000000,1.664115,171.957714,707211.000000,1.325894,93.721160,63861.000000,1.398587,123.742514,117882.000000,1.629272,166.050893,516924.000000,1.664115,171.957714,707211.000000
1.371539,105.765111,51501.000000,1.426241,119.993970,107957.000000,1.408322,160.632257,99265.000000,1.632869,172.002671,574761.000000,1.366025,97.689874,61978.000000,1.435674,121.226247,130574.000000,1.609958,166.368142,475874.000000,1.632869,172.002671,574761.000000
1.294688,92.488780,45902.000000,1.385899,119.877981,85134.000000,1.397692,159.307439,106226.000000,1.667308,173.829893,739924.000000,1.350317,89.059034,67673.000000,1.396631,121.708552,114878.000000,1.654617,168.446107,671669.000000,1.667308,173.829893,739924.000000
1.310455,98.369024,52479.000000,1.335081,122.065569,67212.000000,1.355456,157.138039,76109.000000,1.661219,170.433258,702048.000000,1.298217,92.075885,50221.000000,1.346978,122.235568,76568.000000,1.640184,166.026937,584246.000000,1.661219,170.433258,702048.000000
1.280758,89.549028,48085.000000,1.383168,119.324506,95385.000000,1.404183,161.516648,119925.000000,1.637708,180.465096,715029.000000,1.326521,76.097687,58974.000000,1.379753,111.206193,101851.000000,1.621285,172.710488,600249.000000,1.637708,180.465096,715029.000000
1.290931,97.315116,56319.000000,1.365654,122.539167,90076.000000,1.379767,158.232755,104264.000000,1.684826,170.849065,826136.000000,1.321949,89.213478,64016.000000,1.369106,120.576577,101081.000000,1.653015,165.553590,625976.000000,1.684826,170.849065,826136.000000
1.253166,98.190057,34900.000000,1.299991,121.608278,52522.000000,1.302428,156.873140,60342.000000,1.672838,170.975098,769660.000000,1.267244,93.714604,41749.000000,1.298368,122.254770,62005.000000,1.663501,167.411731,719472.000000,1.672838,170.975098,769660.000000
1.334530,103.104007,61919.000000,1.403288,127.242961,94723.000000,1.404358,160.923576,107466.000000,1.672237,174.622061,739423.000000,1.366505,95.888800,71043.000000,1.395573,125.425808,105005.000000,1.668741,169.626855,706332.000000,1.672237,174.622061,739423.000000
1.246345,94.166815,24656.000000,1.289593,122.095403,32955.000000,1.265096,156.372270,38601.000000,1.724487,172.620770,1046960.000000,1.252881,87.002423,24349.000000,1.253226,120.285434,35735.000000,1.735109,170.038402,1146454.000000,1.724487,172.620770,1046960.000000
1.309703,102.759931,58100.000000,1.350212,128.926960,78984.000000,1.365814,164.392366,87031.000000,1.705403,174.530867,923872.000000,1.310019,94.389960,57806.000000,1.348735,124.582180,76722.000000,1.707909,170.479589,932625.000000,1.705403,174.530867,923872.000000
1.279547,102.894985,47660.000000,1.343276,129.975397,75762.000000,1.360920,164.657800,86017.000000,1.667356,175.816894,717901.000000,1.285864,89.251382,45588.000000,1.334344,122.275502,68181.000000,1.674403,171.097632,750811.000000,1.667356,175.816894,717901.000000
1.265952,99.526640,43994.000000,1.341257,121.865075,72692.000000,1.349759,157.788736,87308.000000,1.706310,171.096272,980004.000000,1.302456,94.746866,54568.000000,1.349867,124.039409,96043.000000,1.692341,167.293747,876289.000000,1.706310,171.096272,980004.000000
1.316134,95.075647,44866.000000,1.352439,119.649597,65182.000000,1.345268,158.448741,75246.000000,1.654733,171.358835,676718.000000,1.319652,89.713064,51325.000000,1.347359,122.324505,84239.000000,1.628573,166.925544,542176.000000,1.654733,171.358835,676718.000000
1.253290,124.962504,32910.000000,1.416882,131.525121,124994.000000,1.265261,167.582578,43589.000000,1.681580,177.074112,760497.000000,1.416566,120.268447,126159.000000,1.413561,128.469006,117508.000000,1.657324,173.954714,646164.000000,1.681580,177.074112,760497.000000
1.252934,105.385376,28938.000000,1.326253,126.639053,56288.000000,1.333695,158.852037,67909.000000,1.698779,173.958126,879208.000000,1.292063,102.428720,45090.000000,1.334637,127.987684,75024.000000,1.691237,170.391905,823413.000000,1.698779,173.958126,879208.000000
1.130436,70.000345,17392.000000,1.298941,108.077334,52991.000000,1.348439,157.151977,71603.000000,1.649483,178.869955,729737.000000,1.255112,66.179516,38587.000000,1.330801,103.984256,67201.000000,1.620203,172.564639,537508.000000,1.649483,178.869955,729737.000000
1.346981,90.774324,57494.000000,1.400803,119.778789,80629.000000,1.379301,159.859810,90991.000000,1.681222,173.569753,822271.000000,1.360188,82.881447,58126.000000,1.367250,118.287845,85282.000000,1.676543,169.070886,786154.000000,1.681222,173.569753,822271.000000
1.270633,93.239790,30460.000000,1.287522,117.747381,41430.000000,1.307827,158.534137,54677.000000,1.611729,170.496186,482243.000000,1.238571,84.889442,27108.000000,1.307549,122.701335,58410.000000,1.594531,166.158317,440154.000000,1.611729,170.496186,482243.000000
0.955666,98.512715,3893.000000,1.215433,83.749871,27174.000000,1.308309,152.359115,56901.000000,1.672987,170.059285,762753.000000,1.123419,53.702241,13343.000000,1.315564,102.738292,70613.000000,1.659767,166.107527,681962.000000,1.672987,170.059285,762753.000000
1.271517,97.597090,42476.000000,1.320086,121.348045,65572.000000,1.342955,160.049427,76537.000000,1.604568,178.066540,554268.000000,1.253949,80.546441,35572.000000,1.317530,112.799450,63226.000000,1.583968,171.453808,449540.000000,1.604568,178.066540,554268.000000
1.241066,77.301324,39124.000000,1.325250,111.170991,70191.000000,1.363615,157.853846,88838.000000,1.624987,179.420908,645471.000000,1.266348,62.729462,42970.000000,1.334790,101.943843,72671.000000,1.604401,171.753983,522192.000000,1.624987,179.420908,645471.000000
1.324374,99.162578,60857.000000,1.380761,126.775871,87213.000000,1.400402,167.402526,96195.000000,1.688015,185.271981,902764.000000,1.308645,78.335811,44927.000000,1.361787,112.645734,68553.000000,1.654356,178.591132,628997.000000,1.688015,185.271981,902764.000000
1.262578,69.685401,46119.000000,1.354472,104.477831,82502.000000,1.360052,154.576874,87754.000000,1.662596,178.758257,844689.000000,1.313549,60.977329,62592.000000,1.346627,98.399382,83176.000000,1.650712,172.671023,756813.000000,1.662596,178.758257,844689.000000
1.257910,89.318304,46509.000000,1.322451,118.197843,70733.000000,1.350390,163.016956,85279.000000,1.727288,182.859914,1253608.000000,1.263542,72.406619,42000.000000,1.323081,107.789605,70282.000000,1.708800,177.525201,1036980.000000,1.727288,182.859914,1253608.000000
1.229446,94.263285,38183.000000,1.287089,120.685189,56507.000000,1.324344,159.981949,72628.000000,1.613790,178.082917,585173.000000,1.226807,78.881210,32949.000000,1.298530,113.023665,61145.000000,1.583378,171.390751,430381.000000,1.613790,178.082917,585173.000000
1.250019,101.740468,41964.000000,1.332002,127.640725,73370.000000,1.357943,165.632891,84765.000000,1.644289,181.954027,690291.000000,1.278961,92.462965,47401.000000,1.343209,123.099010,80133.000000,1.618573,175.933864,531180.000000,1.644289,181.954027,690291.000000
1.302147,81.384327,52856.000000,1.347935,110.064779,70131.000000,1.353990,155.505001,78287.000000,1.637505,176.811244,720990.000000,1.285639,63.357071,39810.000000,1.328654,99.646834,64607.000000,1.618133,170.608291,587018.000000,1.637505,176.811244,720990.000000
1.214586,85.930464,30301.000000,1.302468,115.489785,53942.000000,1.320470,158.292256,63311.000000,1.619639,177.637482,605073.000000,1.248133,75.387553,34803.000000,1.296446,109.387560,54020.000000,1.602651,172.208212,507017.000000,1.619639,177.637482,605073.000000
0.959338,67.569892,3999.000000,1.265678,106.890851,36070.000000,1.292581,156.750422,44415.000000,1.645723,176.689683,739827.000000,1.207699,64.357576,24076.000000,1.265298,101.943654,38175.000000,1.622227,171.803256,585071.000000,1.645723,176.689683,739827.000000
1.355778,97.174137,52941.000000,1.370858,124.590255,55149.000000,1.341736,163.154548,56798.000000,1.702624,182.554031,1044422.000000,1.325094,83.544821,37003.000000,1.312030,113.653155,41915.000000,1.683125,177.936839,855427.000000,1.702624,182.554031,1044422.000000
1.416447,93.636802,146887.000000,1.464070,121.099158,195194.000000,1.480719,162.588260,207614.000000,1.701645,183.518009,1025549.000000,1.397054,75.740328,104058.000000,1.448132,109.671428,156325.000000,1.689351,174.627973,871452.000000,1.701645,183.518009,1025549.000000
1.189805,85.154717,29596.000000,1.303857,115.310707,61389.000000,1.351579,157.080311,82766.000000,1.627345,176.865222,648156.000000,1.250289,74.525096,40046.000000,1.333161,111.128783,76268.000000,1.604230,170.273305,510090.000000,1.627345,176.865222,648156.000000
1.381589,87.298878,86577.000000,1.398598,115.132763,99418.000000,1.408081,157.995138,103651.000000,1.623525,177.617561,633785.000000,1.350795,71.987845,66312.000000,1.387291,104.729313,87991.000000,1.608275,169.919573,549466.000000,1.623525,177.617561,633785.000000
1.307910,82.638719,59826.000000,1.326269,112.171736,64139.000000,1.338305,154.399319,69621.000000,1.601363,176.132734,526519.000000,1.283540,68.570587,44279.000000,1.311810,102.138454,54083.000000,1.585200,169.336343,453498.000000,1.601363,176.132734,526519.000000
1.288837,78.994532,38955.000000,1.340674,108.031471,63043.000000,1.361223,155.216481,70348.000000,1.591756,178.133297,520320.000000,1.291280,65.585186,42284.000000,1.342064,100.510354,62631.000000,1.577022,170.955375,454434.000000,1.591756,178.133297,520320.000000
1.261574,89.417614,43466.000000,1.335381,117.084933,69113.000000,1.345609,158.849202,82534.000000,1.604039,178.376944,553360.000000,1.279229,75.575551,43494.000000,1.323522,109.756279,71865.000000,1.580999,170.904397,441126.000000,1.604039,178.376944,553360.000000
1.350085,91.147898,88710.000000,1.392846,120.737868,113298.000000,1.407037,163.638442,121903.000000,1.687571,183.327038,939997.000000,1.331572,70.949998,63938.000000,1.373482,106.392287,90128.000000,1.663830,176.010056,728935.000000,1.687571,183.327038,939997.000000
1.298731,80.673452,61654.000000,1.337007,108.588972,76440.000000,1.353918,155.441375,83804.000000,1.665003,178.755512,899082.000000,1.295723,66.299951,54839.000000,1.347698,102.004955,83961.000000,1.648285,172.726100,743461.000000,1.665003,178.755512,899082.000000
1.274125,91.928106,46332.000000,1.320979,119.209758,64317.000000,1.341315,158.530093,76811.000000,1.607193,177.215145,571038.000000,1.260100,73.360749,36549.000000,1.310064,108.004751,59354.000000,1.582435,170.248106,446438.000000,1.607193,177.215145,571038.000000
1.265779,112.088523,45864.000000,1.362696,133.503735,89567.000000,1.402085,171.970883,113851.000000,1.675758,188.154088,849229.000000,1.304277,99.345110,54148.000000,1.394710,129.919996,116356.000000,1.675635,181.926225,854952.000000,1.675758,188.154088,849229.000000
1.348712,86.602594,67860.000000,1.378693,114.821015,80638.000000,1.393073,158.077879,85659.000000,1.671433,180.051565,837976.000000,1.324875,71.983026,49899.000000,1.369126,105.502200,69333.000000,1.658299,173.695724,731576.000000,1.671433,180.051565,837976.000000
1.308624,82.278226,59006.000000,1.338187,111.419498,69700.000000,1.348120,157.157053,72918.000000,1.677171,178.905140,880067.000000,1.287254,67.805444,44013.000000,1.327027,102.190538,60534.000000,1.659188,173.146248,732633.000000,1.677171,178.905140,880067.000000
1.302731,97.096107,56718.000000,1.333349,123.706079,76347.000000,1.349212,165.352026,83758.000000,1.714129,182.916665,1174429.000000,1.277612,76.895811,38670.000000,1.315957,110.685182,62560.000000,1.680764,177.432579,811517.000000,1.714129,182.916665,1174429.000000
1.234054,93.588944,39019.000000,1.324080,120.086148,69218.000000,1.348361,160.391974,80615.000000,1.605399,178.102675,549492.000000,1.272290,82.157418,46132.000000,1.331979,114.401537,74830.000000,1.587283,171.392688,454621.000000,1.605399,178.102675,549492.000000
1.296022,124.559285,43561.000000,1.319878,158.538631,57648.000000,1.568535,174.953870,437721.000000,1.747837,183.238942,1378658.000000,1.305856,121.535132,57057.000000,1.548401,169.006389,357331.000000,1.766059,178.564407,1597651.000000,1.747837,183.238942,1378658.000000
1.138251,95.087226,21003.000000,1.338123,123.552336,80480.000000,1.399868,165.218575,113627.000000,1.620793,181.460846,586524.000000,1.284807,91.306247,53754.000000,1.398503,124.385752,125972.000000,1.611070,174.168800,536095.000000,1.620793,181.460846,586524.000000
1.300981,83.101672,57253.000000,1.356203,112.550091,80374.000000,1.384917,158.233840,93547.000000,1.653296,180.167677,749988.000000,1.295217,65.892894,46608.000000,1.361008,103.306233,79335.000000,1.656360,173.648354,778387.000000,1.653296,180.167677,749988.000000
1.271860,96.956544,48279.000000,1.337286,124.431508,74724.000000,1.348220,163.597619,85081.000000,1.614527,180.195117,586053.000000,1.267699,79.516351,38836.000000,1.311903,113.012108,62356.000000,1.593515,173.644437,480613.000000,1.614527,180.195117,586053.000000
1.285402,107.872510,50294.000000,1.299288,147.746542,54656.000000,1.517277,171.612808,303423.000000,1.700795,181.141816,994975.000000,1.266398,97.851983,40894.000000,1.501326,163.124446,262193.000000,1.721458,176.321265,1180291.000000,1.700795,181.141816,994975.000000
1.311361,81.799918,70906.000000,1.357470,111.021036,93983.000000,1.373274,157.053370,103522.000000,1.647631,178.345809,746285.000000,1.302456,63.172304,57683.000000,1.350351,99.233622,85908.000000,1.629185,170.761199,617133.000000,1.647631,178.345809,746285.000000
1.282337,76.386040,50632.000000,1.341827,110.043357,74429.000000,1.357281,156.161158,80176.000000,1.627786,176.026039,674940.000000,1.286872,61.247289,46755.000000,1.325333,97.985292,61054.000000,1.599940,169.520937,503654.000000,1.627786,176.026039,674940.000000
1.256272,68.005248,43066.000000,1.333824,99.209915,70476.000000,1.359151,151.560816,83334.000000,1.585266,176.480201,465363.000000,1.293461,58.078963,52974.000000,1.352054,95.453839,86231.000000,1.568176,167.699914,411612.000000,1.585266,176.480201,465363.000000
1.339938,85.659402,61436.000000,1.361584,116.242099,68381.000000,1.361817,160.852234,70158.000000,1.669793,182.974890,830823.000000,1.304546,68.024955,39871.000000,1.330954,103.261559,51625.000000,1.648557,176.995488,660616.000000,1.669793,182.974890,830823.000000
1.332178,98.251387,57684.000000,1.375707,124.613646,75348.000000,1.377878,164.644377,82548.000000,1.652859,182.398771,681961.000000,1.310540,80.275389,41701.000000,1.346020,112.666820,62888.000000,1.646611,175.810134,650800.000000,1.652859,182.398771,681961.000000
1.360284,96.406865,42562.000000,1.354042,123.508684,52858.000000,1.369757,163.892143,56547.000000,1.668198,181.565806,800427.000000,1.282827,77.101503,26009.000000,1.335002,110.358096,40154.000000,1.656718,176.970689,692912.000000,1.668198,181.565806,800427.000000
1.287196,96.217441,51499.000000,1.336654,124.156850,71017.000000,1.353707,163.512676,76914.000000,1.654751,180.989429,762859.000000,1.268673,79.748778,37441.000000,1.318108,112.959573,55384.000000,1.622800,175.048777,541591.000000,1.654751,180.989429,762859.000000
1.359705,91.055615,57952.000000,1.380390,113.094457,66051.000000,1.401385,132.437381,78490.000000,1.367440,147.109506,46436.000000,1.326951,78.980873,40779.000000,1.406476,112.095749,84126.000000,1.425954,131.894594,93885.000000,1.367440,147.109506,46436.000000
1.410295,77.712159,84623.000000,1.418478,109.470971,86672.000000,1.450412,135.352435,108840.000000,1.488258,147.677101,101041.000000,1.368595,62.423053,55291.000000,1.413254,104.162135,80982.000000,1.457217,130.819446,107663.000000,1.488258,147.677101,101041.000000
1.282725,91.117913,61817.000000,1.346960,119.922181,92548.000000,1.369721,159.026250,103541.000000,1.626439,178.148232,625828.000000,1.286456,75.593821,54018.000000,1.341244,110.976214,82444.000000,1.604597,170.603457,496143.000000,1.626439,178.148232,625828.000000
1.297818,89.784108,36018.000000,1.350759,113.451611,50435.000000,1.359733,127.516594,57250.000000,1.196357,144.419364,13933.000000,1.337766,90.863483,48734.000000,1.408046,116.615315,85327.000000,1.387637,130.479437,71536.000000,1.196357,144.419364,13933.000000
1.349664,105.841402,49824.000000,1.395163,117.838534,67135.000000,1.399691,132.881221,70265.000000,1.332432,148.898204,30345.000000,1.387867,106.641735,74551.000000,1.448027,121.690120,116616.000000,1.429869,135.910168,95334.000000,1.332432,148.898204,30345.000000
1.348965,84.974180,52982.000000,1.366925,109.627255,59915.000000,1.405005,133.646781,77946.000000,1.472601,143.598070,84261.000000,1.304114,70.700632,33397.000000,1.374125,107.124768,65329.000000,1.420098,130.391411,81643.000000,1.472601,143.598070,84261.000000
1.366093,76.814716,59719.000000,1.372619,105.406446,62082.000000,1.421018,128.577809,89251.000000,1.453605,139.961224,83789.000000,1.297094,53.996817,28906.000000,1.372333,98.959502,60398.000000,1.447780,124.531579,107429.000000,1.453605,139.961224,83789.000000
1.329505,100.927231,49788.000000,1.393211,119.146804,77532.000000,1.404428,133.241688,79077.000000,1.398531,146.731317,52307.000000,1.369499,100.422899,68929.000000,1.427324,119.343585,98421.000000,1.448913,135.262281,108197.000000,1.398531,146.731317,52307.000000
1.363571,94.298559,56833.000000,1.387360,114.020637,68470.000000,1.403628,126.165177,78988.000000,1.420757,139.372247,62703.000000,1.335366,84.491579,43047.000000,1.381991,107.386187,61623.000000,1.439120,125.229190,99712.000000,1.420757,139.372247,62703.000000
1.393655,78.600202,67444.000000,1.398389,108.332398,70903.000000,1.423070,133.671616,88975.000000,1.464673,144.544650,87559.000000,1.332542,59.745125,37740.000000,1.384129,101.916868,64031.000000,1.435785,128.928630,94326.000000,1.464673,144.544650,87559.000000
1.381927,81.815967,67015.000000,1.403958,101.428606,78914.000000,1.435302,117.375181,95290.000000,1.390195,133.133270,52390.000000,1.356244,72.381742,51113.000000,1.433479,99.863304,97508.000000,1.462749,118.074807,119106.000000,1.390195,133.133270,52390.000000
1.350393,96.018379,49242.000000,1.356642,109.801251,51970.000000,1.376176,123.560881,62097.000000,1.365616,138.423649,43333.000000,1.343445,90.006074,42973.000000,1.364966,108.158310,58316.000000,1.420865,126.377700,90294.000000,1.365616,138.423649,43333.000000
1.241107,88.327576,27328.000000,1.294395,100.097561,38909.000000,1.372059,115.963183,63504.000000,1.426881,131.869836,63151.000000,1.307693,89.190713,43180.000000,1.379980,104.131786,79083.000000,1.447982,121.049099,118902.000000,1.426881,131.869836,63151.000000
1.291808,85.787449,50976.000000,1.360033,118.571257,89072.000000,1.368197,161.630305,100675.000000,1.663636,178.969457,818609.000000,1.291230,66.320118,47117.000000,1.326626,102.984217,68554.000000,1.645945,173.088195,713430.000000,1.663636,178.969457,818609.000000
1.379641,95.022644,69291.000000,1.409620,114.047575,84898.000000,1.424114,127.314514,92139.000000,1.455280,140.377553,83726.000000,1.355104,83.827325,51681.000000,1.409332,106.634415,76316.000000,1.463341,125.985856,117150.000000,1.455280,140.377553,83726.000000
1.362273,79.368984,60214.000000,1.376326,112.905644,65030.000000,1.408891,139.506841,83389.000000,1.442712,149.419933,96863.000000,1.319056,62.400709,39520.000000,1.377559,107.965615,64796.000000,1.448234,135.487593,104015.000000,1.442712,149.419933,96863.000000
1.480359,73.443075,95855.000000,1.441949,103.358430,96002.000000,1.459709,130.909334,112038.000000,1.517297,142.618736,123295.000000,1.388842,57.803698,59006.000000,1.428760,97.431870,87223.000000,1.488974,127.697347,135340.000000,1.517297,142.618736,123295.000000
1.348260,86.488730,55280.000000,1.407160,104.379215,84667.000000,1.436627,117.452352,98136.000000,1.456101,131.024267,80067.000000,1.382660,83.829330,70393.000000,1.421720,101.813641,90170.000000,1.473939,118.416625,131958.000000,1.456101,131.024267,80067.000000
1.358742,91.494146,51248.000000,1.348692,109.636567,69457.000000,1.370014,122.490374,84560.000000,1.417532,136.566663,64781.000000,1.301881,81.611149,45727.000000,1.356637,103.627462,72390.000000,1.407184,121.639174,110125.000000,1.417532,136.566663,64781.000000
1.362267,98.320798,50524.000000,1.392147,119.595217,63639.000000,1.413762,129.878365,80980.000000,1.367311,145.752875,44949.000000,1.353621,89.803074,46850.000000,1.396903,114.280484,70956.000000,1.443155,130.175380,103039.000000,1.367311,145.752875,44949.000000
1.379053,68.093262,100534.000000,1.381789,107.980450,96521.000000,1.405210,138.096531,108949.000000,1.440851,149.338995,117633.000000,1.347039,53.161654,73051.000000,1.371545,99.900523,83356.000000,1.424371,132.286050,117308.000000,1.440851,149.338995,117633.000000
1.399268,96.769827,80105.000000,1.421065,126.414137,92747.000000,1.440611,153.645751,123419.000000,1.444163,166.877457,105139.000000,1.354097,79.409825,51195.000000,1.423855,125.776355,113984.000000,1.473304,151.724232,150043.000000,1.444163,166.877457,105139.000000
1.369586,96.136941,60829.000000,1.351760,117.113943,73949.000000,1.379837,128.275889,84755.000000,1.431657,142.023724,73469.000000,1.301137,81.690105,44002.000000,1.329276,104.986908,56677.000000,1.411604,124.572119,103828.000000,1.431657,142.023724,73469.000000
1.239801,73.718550,25429.000000,1.269489,102.027868,30788.000000,1.374388,128.031755,48244.000000,1.316590,140.284777,31098.000000,1.224886,62.293387,21429.000000,1.323721,107.526166,49568.000000,1.423729,129.521473,69039.000000,1.316590,140.284777,31098.000000
1.242987,85.569467,33059.000000,1.340095,117.037522,63456.000000,1.360615,160.201371,69608.000000,1.630370,178.728779,667650.000000,1.295237,76.992468,46200.000000,1.342567,110.618076,62845.000000,1.603660,173.107714,503400.000000,1.630370,178.728779,667650.000000
1.235307,62.224786,32591.000000,1.267171,95.413893,41849.000000,1.318292,126.406397,59405.000000,1.345855,140.658208,50326.000000,1.224520,52.633226,31379.000000,1.304974,99.431217,59186.000000,1.369966,127.806753,89228.000000,1.345855,140.658208,50326.000000
1.218086,72.254824,21819.000000,1.343311,103.251178,50283.000000,1.333020,121.491163,45150.000000,1.230734,139.558873,16510.000000,1.355033,85.412565,66329.000000,1.406357,108.769542,87361.000000,1.370156,125.833677,62090.000000,1.230734,139.558873,16510.000000
1.405210,88.955496,95856.000000,1.411399,110.847824,109117.000000,1.424455,127.424968,118423.000000,1.485162,140.493364,133297.000000,1.358978,78.168153,70418.000000,1.390621,102.795017,87900.000000,1.460645,126.211711,156468.000000,1.485162,140.493364,133297.000000
1.246635,97.631656,25973.000000,1.275742,116.347716,40930.000000,1.321363,127.246338,55574.000000,1.226181,141.934079,20373.000000,1.243235,93.408281,31542.000000,1.307148,114.088730,53274.000000,1.356528,129.141321,73556.000000,1.226181,141.934079,20373.000000
1.434399,69.944508,100122.000000,1.500203,97.476785,154665.000000,1.495415,125.099176,142907.000000,1.471633,139.502376,121025.000000,1.466382,65.763802,133439.000000,1.520981,98.050039,186535.000000,1.526326,125.421297,180070.000000,1.471633,139.502376,121025.000000
1.393698,72.161494,41531.000000,1.334565,97.954714,41956.000000,1.362900,122.679810,57825.000000,1.243934,135.458949,18806.000000,1.298485,64.832086,30998.000000,1.400091,106.601224,82693.000000,1.393751,124.909597,75661.000000,1.243934,135.458949,18806.000000
1.295399,97.229278,40078.000000,1.354263,116.262377,55851.000000,1.409418,127.329478,60435.000000,1.388589,138.732733,50893.000000,1.308199,91.759075,40743.000000,1.371959,112.268205,61151.000000,1.449713,127.149400,80107.000000,1.388589,138.732733,50893.000000
1.355927,68.389964,55164.000000,1.386840,98.769847,67151.000000,1.431009,126.025908,92132.000000,1.417747,139.438075,65014.000000,1.333242,55.832656,43575.000000,1.421559,101.142911,94800.000000,1.464304,125.732582,121424.000000,1.417747,139.438075,65014.000000
1.309272,68.996156,43964.000000,1.336439,105.990878,51961.000000,1.382541,133.792187,70092.000000,1.430297,145.101209,70537.000000,1.287059,54.257273,34613.000000,1.350113,102.406584,56104.000000,1.410148,129.626754,80534.000000,1.430297,145.101209,70537.000000
1.372920,96.403075,67377.000000,1.409038,118.216932,85824.000000,1.439662,131.724629,101002.000000,1.489689,143.361309,103222.000000,1.361856,85.600925,54907.000000,1.398883,110.147445,70894.000000,1.481147,130.058388,131088.000000,1.489689,143.361309,103222.000000
1.268887,77.577036,53066.000000,1.338883,107.228370,83645.000000,1.367644,155.212394,97889.000000,1.627524,177.906188,676255.000000,1.292075,65.749952,57785.000000,1.360379,102.922548,99714.000000,1.599691,170.026274,486721.000000,1.627524,177.906188,676255.000000
1.306009,69.416579,40823.000000,1.346757,101.258075,54864.000000,1.395006,129.536362,74914.000000,1.437497,140.641678,74807.000000,1.280662,52.274163,31029.000000,1.361867,97.893536,60584.000000,1.422582,125.973194,90615.000000,1.437497,140.641678,74807.000000
1.414205,88.544893,75580.000000,1.383551,110.730837,86639.000000,1.392520,124.675603,98367.000000,1.448229,139.700306,76735.000000,1.340730,78.493693,57082.000000,1.362628,103.521108,74687.000000,1.410258,122.686552,108991.000000,1.448229,139.700306,76735.000000
1.343455,66.878761,50916.000000,1.365346,99.264481,59233.000000,1.414610,126.420089,85113.000000,1.432553,138.195058,69846.000000,1.316240,54.625109,40265.000000,1.399279,101.408390,84150.000000,1.446688,124.824969,105153.000000,1.432553,138.195058,69846.000000
1.265048,62.325482,43305.000000,1.290676,98.159310,50907.000000,1.354865,128.673876,71338.000000,1.394026,141.838908,55639.000000,1.250801,51.501372,37178.000000,1.333270,102.592642,74750.000000,1.401557,128.980386,98909.000000,1.394026,141.838908,55639.000000
1.326307,101.335188,49074.000000,1.369961,121.394050,64096.000000,1.384246,133.081900,69878.000000,1.427334,144.323387,66558.000000,1.316906,90.870417,40206.000000,1.360731,112.811693,52186.000000,1.423008,131.172105,88638.000000,1.427334,144.323387,66558.000000
1.401870,72.287548,56627.000000,1.430304,108.504203,95412.000000,1.462826,135.804917,120308.000000,1.506932,147.622620,114643.000000,1.376316,60.757038,64014.000000,1.430641,104.241283,97429.000000,1.488473,132.475513,136320.000000,1.506932,147.622620,114643.000000
1.276483,81.055717,32683.000000,1.341348,109.107188,68459.000000,1.357059,125.951189,66501.000000,1.309352,144.657548,27160.000000,1.359529,92.251142,92183.000000,1.398340,113.655598,117087.000000,1.392061,129.841496,91190.000000,1.309352,144.657548,27160.000000
1.398552,74.563278,71059.000000,1.395876,106.625178,83677.000000,1.423543,132.861790,109355.000000,1.474133,144.936200,93119.000000,1.368473,61.003811,55627.000000,1.379666,103.843712,89399.000000,1.456211,130.716203,136971.000000,1.474133,144.936200,93119.000000
1.408983,67.998345,84003.000000,1.425721,103.380317,89854.000000,1.465158,129.908021,117668.000000,1.486492,143.098485,102056.000000,1.378432,53.663567,61082.000000,1.437419,100.376720,99477.000000,1.485646,126.622466,133016.000000,1.486492,143.098485,102056.000000
1.343472,91.190991,48243.000000,1.381592,112.057146,63451.000000,1.409778,122.480255,81994.000000,1.393944,134.148128,53636.000000,1.338370,83.381742,45384.000000,1.378852,106.620986,60842.000000,1.454309,122.935774,113941.000000,1.393944,134.148128,53636.000000
